name,datetime,tempmax,tempmin,temp,feelslikemax,feelslikemin,feelslike,dew,humidity,precip,precipprob,precipcover,preciptype,snow,snowdepth,windgust,windspeed,winddir,sealevelpressure,cloudcover,visibility,solarradiation,solarenergy,uvindex,severerisk,sunrise,sunset,moonphase,conditions,description,icon,stations,accident_count
"Dubai,United Arab Emirates",09/02/2024,41,31.9,36.7,48.3,34.8,39.7,19.8,38.5,0,0,0,,0,0,27.7,20.6,49.6,1002,29.2,10,281.3,24.3,9,19,2024-09-02T05:59:53,2024-09-02T18:36:33,0.97,Cloudy,Partly cloudy throughout the day.,partly-cloudy-day,"OMSJ,41194099999,41194599999,OMDW,OMDB",364
"Dubai,United Arab Emirates",09/03/2024,41.8,32,36,50.1,35.1,40.9,21.6,44.3,0,0,0,,0,0,47.9,29.2,72.1,1001.2,19.1,9.6,294.8,25.3,10,30,2024-09-01T05:59:30,2024-09-01T18:37:35,0.94,Clear,Clear conditions throughout the day.,clear-day,"OMSJ,41194099999,41194599999,OMDW,OMDB",284
"Dubai,United Arab Emirates",09/04/2024,45.9,32.9,39,51.9,37.9,44.4,17.4,38.4,0,0,0,,0,0,44.6,35.1,92.9,998.5,15.4,8.9,299.9,26,10,50,2024-08-31T05:59:07,2024-08-31T18:38:36,0.9,Clear,Clear conditions throughout the day.,clear-day,"OMSJ,41194099999,41194599999,OMDW,OMDB",387
"Dubai,United Arab Emirates",09/05/2024,40,31.9,35.6,56.5,44,51.4,28.8,69,0,0,0,,0,0,17.3,20.5,303.5,997.4,14.5,6.7,295.8,25.7,10,50,2024-08-30T05:58:43,2024-08-30T18:39:37,0.87,Clear,Clear conditions throughout the day.,clear-day,"OMSJ,41194099999,41194599999,OMDW,OMDB",349
"Dubai,United Arab Emirates",09/06/2024,41,33.8,36.9,55.1,39.2,46.1,24.7,51.7,0,0,0,,0,0,22.7,20.5,286.7,997.8,5.4,6.8,302.1,26.2,10,50,2024-08-29T05:58:20,2024-08-29T18:40:38,0.83,Clear,Clear conditions throughout the day.,clear-day,"OMSJ,41194099999,41194599999,OMDW,OMDB",348
"Dubai,United Arab Emirates",09/07/2024,44,32.9,36.6,54,44,49,26.5,60,0,0,0,,0,0,27.7,29.4,338.3,998.3,3.5,4.8,304.8,26.2,10,50,2024-08-28T05:57:56,2024-08-28T18:41:37,0.8,Clear,Clear conditions throughout the day.,clear-day,"OMSJ,41194099999,41194599999,OMDW,OMDB",378
"Dubai,United Arab Emirates",09/08/2024,40,32.9,35.9,53.7,40.1,48.7,27,61.6,0,0,0,,0,0,23,22.3,348.3,998.2,0.3,5.9,303.2,26.2,10,50,2024-08-27T05:57:32,2024-08-27T18:42:37,0.76,Clear,Clear conditions throughout the day.,clear-day,"OMSJ,41194099999,41194599999,OMDW,OMDB",355
"Dubai,United Arab Emirates",09/09/2024,39,32.9,36.2,51.9,38,45.5,25.2,54.1,0,0,0,,0,0,22.3,24,301.3,999.7,4.8,9.7,298.5,25.9,10,50,2024-08-26T05:57:08,2024-08-26T18:43:35,0.75,Clear,Clear conditions throughout the day.,clear-day,"OMSJ,41194099999,41194599999,OMDW,OMDB",312
"Dubai,United Arab Emirates",09/10/2024,43,34.9,37.7,50.1,39.2,43.8,22.3,42.7,0,0,0,,0,0,28.1,27.7,319.2,1000.9,42.9,10,296.3,25.5,10,100,2024-08-25T05:56:44,2024-08-25T18:44:34,0.69,Cloudy,Clearing in the afternoon.,partly-cloudy-day,"OMSJ,41194099999,41194599999,OMDW,OMDB",261
"Dubai,United Arab Emirates",09/11/2024,40,33.9,37.3,53.9,41.7,44.7,23.6,46.8,0,0,0,,0,0,24.8,29.4,25.4,1001.4,26.2,9.6,270.9,23.2,9,75,2024-08-24T05:56:20,2024-08-24T18:45:31,0.66,Cloudy,Clearing in the afternoon.,partly-cloudy-day,"OMSJ,41194099999,41194599999,OMDW,OMDB",292
"Dubai,United Arab Emirates",09/12/2024,41,33,35.9,49.7,39.5,44.4,24.8,53.7,0,0,0,,0,0,24.8,27.7,339,1001.8,14.8,10.6,297.4,25.7,9,30,2024-08-23T05:55:55,2024-08-23T18:46:28,0.62,Clear,Clear conditions throughout the day.,clear-day,"OMSJ,41194099999,41194599999,OMDW,OMDB,remote",286
"Dubai,United Arab Emirates",09/13/2024,39,32,34.9,46.5,36.7,41.2,23.4,51.9,0,0,0,,0,0,33.1,25.8,38.4,1002.1,42.1,10,295.5,25.4,9,30,2024-08-22T05:55:30,2024-08-22T18:47:24,0.59,Cloudy,Partly cloudy throughout the day.,partly-cloudy-day,"OMSJ,41194099999,41194599999,OMDW,OMDB",320
"Dubai,United Arab Emirates",09/14/2024,39,31.8,34.7,49.3,36.7,42.3,24.5,56,0,0,0,,0,0,42.1,31.6,81.4,1001.5,33.8,10,295.6,25.4,9,30,2024-08-21T05:55:05,2024-08-21T18:48:20,0.55,Cloudy,Partly cloudy throughout the day.,partly-cloudy-day,"OMSJ,41194099999,41194599999,OMDW,OMDB",311
"Dubai,United Arab Emirates",09/15/2024,40.9,32.9,36,48.6,40.4,44.3,24.8,53.2,0.1,100,4.17,rain,0,0,38.9,27.3,79.5,999.4,69.4,10,289.5,25,9,30,2024-08-20T05:54:40,2024-08-20T18:49:15,0.52,Rain,Partly cloudy throughout the day with late afternoon rain.,rain,"OMSJ,41194099999,41194599999,OMDW,OMDB",341
"Dubai,United Arab Emirates",09/16/2024,41.9,33,36.4,52.5,40.5,44.6,24.6,51.9,0.1,100,4.17,rain,0,0,72,31.6,91.4,1000.1,44.6,9.9,236.1,20.4,9,30,2024-08-19T05:54:15,2024-08-19T18:50:09,0.5,Rain,Partly cloudy throughout the day with early morning rain.,rain,"OMSJ,41194099999,41194599999,OMDW,OMDB",279
"Dubai,United Arab Emirates",09/17/2024,41,32.8,35.9,55.2,39.2,44.4,24.9,54,0,0,0,,0,0,61.2,35.3,86.3,998.7,19.1,9.2,292.5,25.3,9,30,2024-08-18T05:53:49,2024-08-18T18:51:02,0.45,Clear,Clear conditions throughout the day.,clear-day,"OMSJ,41194099999,41194599999,OMDW,OMDB",199
"Dubai,United Arab Emirates",09/18/2024,41,33,36.5,52.6,40.1,46.1,25.5,54.4,0,0,0,,0,0,39.6,31.7,88.2,996.1,23.1,9.7,295,25.5,9,38,2024-08-17T05:53:23,2024-08-17T18:51:55,0.42,Cloudy,Clearing in the afternoon.,partly-cloudy-day,"OMSJ,41194099999,41194599999,OMDW,OMDB",302
"Dubai,United Arab Emirates",09/19/2024,40,34.9,37.5,51.3,40.5,45.3,23.9,46.4,0,0,0,,0,0,19.8,22.3,352.3,995.9,40.4,10,304.3,26.2,10,38,2024-08-16T05:52:57,2024-08-16T18:52:47,0.39,Cloudy,Clearing in the afternoon.,partly-cloudy-day,"OMSJ,41194099999,41194599999,OMDW,OMDB",308
"Dubai,United Arab Emirates",09/20/2024,43,33.9,37.5,53.4,43.4,47.3,25.3,50.7,0,0,0,,0,0,29.2,24,18.2,998.8,47.6,10,302.7,26,9,38,2024-08-15T05:52:31,2024-08-15T18:53:38,0.36,Cloudy,Partly cloudy throughout the day.,partly-cloudy-day,"OMSJ,41194099999,41194599999,OMDW,OMDB",283
"Dubai,United Arab Emirates",09/21/2024,43.9,33.9,37.8,53.4,43.4,47.2,25.2,49.9,0,0,0,,0,0,32.4,25.8,74.7,999.2,2.9,10,303.3,26.2,10,38,2024-08-14T05:52:05,2024-08-14T18:54:28,0.32,Clear,Clear conditions throughout the day.,clear-day,"OMSJ,41194099999,41194599999,OMDW,OMDB",294
"Dubai,United Arab Emirates",09/22/2024,44,34,38.7,52.9,40.9,46.4,23.8,43.9,0,0,0,,0,0,24.8,24,65.2,998.3,9.7,10,302.9,26.1,10,50,2024-08-13T05:51:38,2024-08-13T18:55:17,0.29,Clear,Clear conditions throughout the day.,clear-day,"OMSJ,41194099999,41194599999,OMDW,OMDB",310
"Dubai,United Arab Emirates",09/23/2024,43,34.9,38.5,53.3,41.7,46.6,23.9,44.1,0,0,0,,0,0,23.8,25.9,345.5,996.7,21.8,9,304.7,26.4,10,50,2024-08-12T05:51:11,2024-08-12T18:56:06,0.25,Cloudy,Partly cloudy throughout the day.,partly-cloudy-day,"OMSJ,41194099999,41194599999,OMDW,OMDB",289
"Dubai,United Arab Emirates",09/24/2024,42,32.9,37,51.5,39.1,44.7,24.1,48.5,0,0,0,,0,0,35.3,24.1,54.6,997.7,24.6,10,289,25.2,9,38,2024-08-11T05:50:45,2024-08-11T18:56:53,0.22,Cloudy,Becoming cloudy in the afternoon.,partly-cloudy-day,"OMSJ,41194099999,41194599999,OMDW,OMDB",225
"Dubai,United Arab Emirates",09/25/2024,42.9,32,36.5,53.4,37.8,44.4,24.3,50.9,0,0,0,,0,0,41.8,27.7,83,999.5,49,10,300.8,26,9,38,2024-08-10T05:50:17,2024-08-10T18:57:40,0.19,Cloudy,Partly cloudy throughout the day.,partly-cloudy-day,"OMSJ,41194099999,41194599999,OMDW,OMDB",307
"Dubai,United Arab Emirates",09/26/2024,42,32.9,36.6,51.1,39.2,44.4,24.3,50.5,0,0,0,,0,0,46.4,29.4,89.1,999.1,19.2,10,303,26.2,10,75,2024-08-09T05:49:50,2024-08-09T18:58:25,0.16,Clear,Clear conditions throughout the day.,clear-day,"OMSJ,41194099999,41194599999,OMDW,OMDB",294
"Dubai,United Arab Emirates",09/27/2024,42.9,33,37.1,54.9,40.5,46.1,25,50.9,0,0,0,,0,0,41.8,25.9,91.3,997.1,17.4,10,303,26.1,10,75,2024-08-08T05:49:23,2024-08-08T18:59:10,0.13,Clear,Clear conditions throughout the day.,clear-day,"OMSJ,41194099999,41194599999,OMDW,OMDB",296
"Dubai,United Arab Emirates",09/28/2024,40,34,36.8,49.8,40.5,45.3,24.6,50.3,0,0,0,,0,0,25.6,22.3,35.4,997.2,58.2,10,290.5,25,9,75,2024-08-07T05:48:55,2024-08-07T18:59:54,0.09,Cloudy,Partly cloudy throughout the day.,partly-cloudy-day,"OMSJ,41194099999,41194599999,OMDW,OMDB",260
"Dubai,United Arab Emirates",09/29/2024,39,32,36,48,34.9,42.7,23.4,49,0.3,100,4.17,rain,0,0,38.9,22.3,232.8,997.3,71.2,10,283.2,24.3,9,30,2024-08-06T05:48:27,2024-08-06T19:00:36,0.06,Rain,Partly cloudy throughout the day with early morning rain.,rain,"OMSJ,41194099999,41194599999,OMDW,OMDB",277
"Dubai,United Arab Emirates",09/30/2024,41,33,36.5,57.7,43.7,49.5,27.3,60.2,0.1,100,4.17,rain,0,0,36.4,29.5,76.2,995.5,27.2,8.6,276.8,23.8,10,75,2024-08-05T05:47:59,2024-08-05T19:01:18,0.03,Rain,Partly cloudy throughout the day with late afternoon rain.,rain,"OMSJ,41194099999,41194599999,OMDW,OMDB",317
"Dubai,United Arab Emirates",10/01/2024,39,33.8,35.8,55,45.2,50.3,28.2,65.5,0,0,0,,0,0,22,22.4,242.9,994.6,35.8,9.6,283.4,24.6,9,38,2024-08-04T05:47:31,2024-08-04T19:01:59,0,Cloudy,Partly cloudy throughout the day.,partly-cloudy-day,"OMSJ,41194099999,41194599999,OMDW,OMDB",241
"Dubai,United Arab Emirates",10/02/2024,41.9,34,37.2,61.6,48,53.4,28.7,62.7,0,0,0,,0,0,23.8,22.3,296.3,993.7,49.5,8.9,266.8,23.1,8,38,2024-08-03T05:47:03,2024-08-03T19:02:38,0.96,Cloudy,Partly cloudy throughout the day.,partly-cloudy-day,"OMSJ,41194099999,41194599999,OMDW,OMDB",283
"Dubai,United Arab Emirates",10/03/2024,40,34,36.9,57.8,46.6,51.8,28.1,61.6,0,0,0,,0,0,29.5,20.5,264.5,993.5,29.8,7.6,297,25.6,9,38,2024-08-02T05:46:35,2024-08-02T19:03:17,0.92,Cloudy,Partly cloudy throughout the day.,partly-cloudy-day,"OMSJ,41194099999,41194599999,OMDW,OMDB",256
"Dubai,United Arab Emirates",10/04/2024,43.9,36,39.3,52.7,42.2,47.1,23.2,42.3,0,0,0,,0,0,32.8,22.2,300.1,995.3,15.1,9.1,294.5,25.4,10,38,2024-08-01T05:46:06,2024-08-01T19:03:54,0.89,Clear,Clear conditions throughout the day.,clear-day,"OMSJ,41194099999,41194599999,OMDW,OMDB",281
"Dubai,United Arab Emirates",10/05/2024,43,34.9,38.6,52.2,40.5,45.6,22.9,41.8,0,0,0,,0,0,39.2,23.9,84.8,996.1,28,7.5,267.3,23.2,9,30,2024-07-31T05:45:38,2024-07-31T19:04:30,0.85,Cloudy,Partly cloudy throughout the day.,partly-cloudy-day,"OMSJ,41194099999,41194599999,OMDW,OMDB",337
"Dubai,United Arab Emirates",10/06/2024,44.9,33.9,38.8,53.8,43.9,47.7,25.8,50.2,0,0,0,,0,0,30.6,27.7,98.6,993.7,2.9,7.8,231.9,19.9,9,60,2024-07-30T05:45:09,2024-07-30T19:05:06,0.82,Clear,Clear conditions throughout the day.,clear-day,"OMSJ,41194099999,41194599999,OMDW,OMDB",289
"Dubai,United Arab Emirates",10/07/2024,41,33,36.3,52.9,38,45.9,25.3,54.1,0,0,0,,0,0,28.1,22.4,230.6,992.3,18.5,9.2,316.8,27.2,10,38,2024-07-29T05:44:40,2024-07-29T19:05:39,0.78,Clear,Clear conditions throughout the day.,clear-day,"OMSJ,41194099999,41194599999,OMDW,OMDB",300
"Dubai,United Arab Emirates",10/08/2024,39,33,36.6,52.1,40.5,46.5,25.7,54.1,0,0,0,,0,0,42.1,26,246.3,994.3,79.8,10,285.4,24.6,9,30,2024-07-28T05:44:12,2024-07-28T19:06:12,0.75,Cloudy,Partly cloudy throughout the day.,partly-cloudy-day,"OMSJ,41194099999,41194599999,OMDW,OMDB",247
"Dubai,United Arab Emirates",10/09/2024,42,33.9,37.9,51,34.3,42.1,20.5,37.1,0,0,0,,0,0,33.5,26,247.1,995.4,34.8,10,324.1,28.1,10,30,2024-07-27T05:43:43,2024-07-27T19:06:44,0.71,Cloudy,Partly cloudy throughout the day.,partly-cloudy-day,"OMSJ,41194099999,41194599999,OMDW,OMDB",283
"Dubai,United Arab Emirates",10/10/2024,42,32,37.6,48.3,37.8,43.3,22,43.5,0,0,0,,0,0,27.4,22.3,240.5,993.7,25,10,325.5,28.1,10,15,2024-07-26T05:43:14,2024-07-26T19:07:14,0.67,Cloudy,Becoming cloudy in the afternoon.,partly-cloudy-day,"OMSJ,41194099999,41194599999,OMDW,OMDB",270
"Dubai,United Arab Emirates",10/11/2024,42,32.9,37.6,48.5,32.5,40.4,18.6,34.3,0,0,0,,0,0,25.6,25.9,242.7,991.9,41.7,10,326.8,28.2,10,15,2024-07-25T05:42:45,2024-07-25T19:07:44,0.64,Cloudy,Becoming cloudy in the afternoon.,partly-cloudy-day,"OMSJ,41194099999,41194599999,OMDW,OMDB",300
"Dubai,United Arab Emirates",10/12/2024,41,31.9,36.3,50.1,39.7,45.4,24.7,55,0,0,0,,0,0,30.2,22.3,231.8,993.2,34.2,10,320.4,27.6,10,30,2024-07-24T05:42:16,2024-07-24T19:08:12,0.6,Cloudy,Becoming cloudy in the afternoon.,partly-cloudy-day,"OMSJ,41194099999,41194599999,OMDW,OMDB",248
"Dubai,United Arab Emirates",10/13/2024,39.9,33.9,36.5,57.7,48.6,52.3,28.6,64.8,0,0,0,,0,0,21.6,24,266.6,995.4,26.2,8.1,308.8,26.7,10,38,2024-07-23T05:41:48,2024-07-23T19:08:39,0.57,Cloudy,Becoming cloudy in the afternoon.,partly-cloudy-day,"OMSJ,41194099999,41194599999,OMDW,OMDB",312
"Dubai,United Arab Emirates",10/14/2024,40,34.9,36.8,61.8,49.4,54.8,29.4,66.4,0,0,0,,0,0,21.2,25.8,338.1,994.9,8.2,6.1,317.3,27.3,10,38,2024-07-22T05:41:19,2024-07-22T19:09:04,0.53,Clear,Clear conditions throughout the day.,clear-day,"OMSJ,41194099999,41194599999,OMDW,OMDB",271
"Dubai,United Arab Emirates",10/15/2024,40,34.9,37.1,60.4,51.5,56.3,29.9,67.3,0,0,0,,0,0,23,24,326.4,994.5,6.3,6.4,316.6,27.4,10,38,2024-07-21T05:40:51,2024-07-21T19:09:29,0.5,Clear,Clear conditions throughout the day.,clear-day,"OMSJ,41194099999,41194599999,OMDW,OMDB",262
"Dubai,United Arab Emirates",10/16/2024,42,33.9,36.5,61.6,49.3,53.9,29.3,67.5,0,0,0,,0,0,18.7,27.6,341.4,993.2,16.5,7.2,304.9,26.4,10,38,2024-07-20T05:40:22,2024-07-20T19:09:52,0.46,Clear,Clear conditions throughout the day.,clear-day,"OMSJ,41194099999,41194599999,OMDW,OMDB",276
"Dubai,United Arab Emirates",10/17/2024,40,33,36.4,57.7,47.9,52,28.6,65.2,0,0,0,,0,0,16.2,22.2,263.3,992.9,17.2,8.5,305.4,26.4,10,38,2024-07-19T05:39:54,2024-07-19T19:10:14,0.43,Clear,Clear conditions throughout the day.,clear-day,"OMSJ,41194099999,41194599999,OMDW,OMDB",315
"Dubai,United Arab Emirates",10/18/2024,40.9,34,37.1,54.1,38.9,48.6,26,55.1,0,0,0,,0,0,25.2,24.1,240.1,995.3,14.8,7.2,281.2,24.2,9,38,2024-07-18T05:39:26,2024-07-18T19:10:34,0.4,Clear,Clear conditions throughout the day.,clear-day,"OMSJ,41194099999,41194599999,OMDW,OMDB",295
"Dubai,United Arab Emirates",10/19/2024,42.9,34.9,37.8,56.3,45.7,51.8,27.4,56.9,0,0,0,,0,0,25.6,24.1,313.3,996.2,6.6,9.2,300.6,26.2,10,38,2024-07-17T05:38:58,2024-07-17T19:10:54,0.37,Clear,Clear conditions throughout the day.,clear-day,"OMSJ,41194099999,41194599999,OMDW,OMDB",256
"Dubai,United Arab Emirates",10/20/2024,44.9,34.9,39.4,61.6,44.5,49.6,25,46,0,0,0,,0,0,35.3,24.2,38.9,995.7,11.7,9,309.7,26.9,10,38,2024-07-16T05:38:30,2024-07-16T19:11:12,0.34,Clear,Clear conditions throughout the day.,clear-day,"OMSJ,41194099999,41194599999,OMDW,OMDB",294
"Dubai,United Arab Emirates",10/21/2024,39,33.8,36.6,60.1,45.7,52.7,28.6,64.6,0,0,0,,0,0,20.5,22.3,322.7,994.8,3.1,6.2,325.2,28,10,38,2024-07-15T05:38:02,2024-07-15T19:11:29,0.3,Clear,Clear conditions throughout the day.,clear-day,"OMSJ,41194099999,41194599999,OMDW,OMDB",280
"Dubai,United Arab Emirates",10/22/2024,43.1,34.8,38,51,36.1,43.6,21.9,40.4,0,0,0,,0,0,19.4,22.2,319.5,993.6,5.6,8.1,329.6,28.5,10,38,2024-07-14T05:37:35,2024-07-14T19:11:44,0.25,Clear,Clear conditions throughout the day.,clear-day,"OMSJ,41194099999,41194599999,OMDW,OMDB",213
"Dubai,United Arab Emirates",10/23/2024,43,32.9,37.6,49.2,41.9,45.5,23.7,48.8,0,0,0,,0,0,24.8,20.5,236.2,993.8,41.5,8.9,327.8,28.2,10,30,2024-07-13T05:37:08,2024-07-13T19:11:59,0.24,Cloudy,Partly cloudy throughout the day.,partly-cloudy-day,"OMSJ,41194099999,41194599999,OMDW,OMDB",264
"Dubai,United Arab Emirates",10/24/2024,42,34.9,37.4,51.2,41.7,46,24.6,49,0,0,0,,0,0,28.1,24.2,238.1,995.3,17.2,8.9,321.5,27.9,10,38,2024-07-12T05:36:41,2024-07-12T19:12:12,0.21,Clear,Clear conditions throughout the day.,clear-day,"OMSJ,41194099999,41194599999,OMDW,OMDB",303
"Dubai,United Arab Emirates",10/25/2024,41,36,38.2,51.2,40.8,46.1,23.9,44.7,0,0,0,,0,0,34.9,25.8,303,998.5,12.9,8.2,311.4,26.8,9,38,2024-07-11T05:36:15,2024-07-11T19:12:23,0.17,Clear,Clear conditions throughout the day.,clear-day,"OMSJ,41194099999,41194599999,OMDW,OMDB",295
"Dubai,United Arab Emirates",10/26/2024,42,34.9,38.5,52.5,40.7,45.4,22.9,42,0,0,0,,0,0,29.2,22.4,60.5,999,16.9,9,323.2,27.8,10,38,2024-07-10T05:35:49,2024-07-10T19:12:34,0.14,Clear,Clear conditions throughout the day.,clear-day,"OMSJ,41194099999,41194599999,OMDW,OMDB",285
"Dubai,United Arab Emirates",10/27/2024,46,34.9,39.9,58.2,41.8,47.1,23.8,41.2,0,0,0,,0,0,40.3,31.6,61.7,996.8,16.2,9.2,318.1,27.4,10,38,2024-07-09T05:35:23,2024-07-09T19:12:43,0.11,Clear,Clear conditions throughout the day.,clear-day,"OMSJ,41194099999,41194599999,OMDB",285
"Dubai,United Arab Emirates",10/28/2024,42,34.9,38.3,50.2,38.4,42.9,20.4,37.7,0,0,0,,0,0,22.3,24,336.4,994.8,39.9,9.9,324.8,28.1,10,38,2024-07-08T05:34:58,2024-07-08T19:12:51,0.08,Cloudy,Clearing in the afternoon.,partly-cloudy-day,"OMSJ,41194099999,41194599999,OMDW,OMDB",327
"Dubai,United Arab Emirates",10/29/2024,42.9,33.9,37.7,45.9,40.3,42.6,21.2,40.9,0,0,0,,0,0,20.9,25.8,312.2,993.8,36,9.9,329.7,28.5,10,30,2024-07-07T05:34:33,2024-07-07T19:12:58,0.04,Cloudy,Partly cloudy throughout the day.,partly-cloudy-day,"OMSJ,41194099999,41194599999,OMDW,OMDB",253
"Dubai,United Arab Emirates",10/30/2024,40,31.8,36,47.2,38.6,43.8,23.8,53.4,0,0,0,,0,0,25.6,20.5,228.1,993.3,62,9.7,307.3,26.5,9,30,2024-07-06T05:34:09,2024-07-06T19:13:03,0,Cloudy,Partly cloudy throughout the day.,partly-cloudy-day,"OMSJ,41194099999,41194599999,OMDW,OMDB",275
"Dubai,United Arab Emirates",10/31/2024,39,31,35.4,48.5,32.3,41.6,22.9,49.3,0,0,0,,0,0,26.3,22.3,230.1,994.7,80.2,10,290,25.1,9,30,2024-07-05T05:33:45,2024-07-05T19:13:08,0.98,Cloudy,Partly cloudy throughout the day.,partly-cloudy-day,"OMSJ,41194099999,41194599999,OMDW,OMDB",319
"Dubai,United Arab Emirates",11/01/2024,39,32.9,35.6,53.6,39,44.8,25.3,55.6,0,0,0,,0,0,41.4,27.7,237.3,994.9,2,10,327.5,28.1,10,30,2024-07-04T05:33:22,2024-07-04T19:13:11,0.94,Clear,Clear conditions throughout the day.,clear-day,"OMSJ,41194099999,41194599999,OMDW,OMDB",333
"Dubai,United Arab Emirates",11/02/2024,41,32,36.6,56.8,39.3,47.4,25.9,55.4,0,0,0,,0,0,44.3,24.2,248.6,992.2,4,8.9,328.3,28.5,10,38,2024-07-03T05:32:59,2024-07-03T19:13:12,0.91,Clear,Clear conditions throughout the day.,clear-day,"OMSJ,41194099999,41194599999,OMDW,OMDB,41196099999",309
"Dubai,United Arab Emirates",11/03/2024,43.9,32.8,37,46.9,32.8,40.2,18.6,36.7,0,0,0,,0,0,31,23.9,251.7,991.9,42.7,10,330.9,28.5,10,15,2024-07-02T05:32:37,2024-07-02T19:13:13,0.87,Cloudy,Partly cloudy throughout the day.,partly-cloudy-day,"OMSJ,41194099999,41194599999,OMDW,OMDB,41196099999",330
"Dubai,United Arab Emirates",11/04/2024,39,31.9,35.4,47.4,35.7,42.1,23.6,51.5,0,0,0,,0,0,24.1,21.8,240.3,994.6,23.1,8.8,317.8,27.5,10,30,2024-07-01T05:32:16,2024-07-01T19:13:12,0.83,Cloudy,Partly cloudy throughout the day.,partly-cloudy-day,"OMSJ,41194099999,41194599999,OMDW,OMDB,41196099999",307
"Dubai,United Arab Emirates",11/05/2024,40.9,32.8,36.2,45,38.5,41.6,22,46.3,0,0,0,,0,0,24.8,25.8,249,996,24.5,9.9,329.5,28.6,10,30,2024-06-30T05:31:55,2024-06-30T19:13:10,0.8,Cloudy,Partly cloudy throughout the day.,partly-cloudy-day,"OMSJ,41194099999,41194599999,OMDW,OMDB,41196099999",272
"Dubai,United Arab Emirates",11/06/2024,39.9,32.9,36.1,51.8,43.1,46.3,25.8,56.8,0,0,0,,0,0,27.4,25.8,306.1,994.7,44,9.2,299.8,25.9,9,30,2024-06-29T05:31:35,2024-06-29T19:13:07,0.75,Cloudy,Partly cloudy throughout the day.,partly-cloudy-day,"OMSJ,41194099999,41194599999,OMDW,OMDB,41196099999",295
"Dubai,United Arab Emirates",11/07/2024,39,32.8,36.7,52,39.1,43.4,23.2,47,0,0,0,,0,0,20.2,23.9,339.9,994.7,27,9.6,331.6,28.7,10,15,2024-06-28T05:31:15,2024-06-28T19:13:03,0.73,Cloudy,Partly cloudy throughout the day.,partly-cloudy-day,"OMSJ,41194099999,41194599999,OMDW,OMDB,41196099999",331
"Dubai,United Arab Emirates",11/08/2024,40,31.8,36.8,46.8,33.9,41,20.7,40.7,0,0,0,,0,0,20.2,20.4,265.9,994.5,40.4,10,335.3,28.8,10,60,2024-06-27T05:30:57,2024-06-27T19:12:58,0.69,Cloudy,Clearing in the afternoon.,partly-cloudy-day,"OMSJ,41194099999,41194599999,OMDW,OMDB,41196099999",335
"Dubai,United Arab Emirates",11/09/2024,44.9,32,37.3,49.6,40.6,45,23.3,49.8,0,0,0,,0,0,29.2,33,249,993.4,13,8.6,337.2,29,10,60,2024-06-26T05:30:39,2024-06-26T19:12:52,0.65,Clear,Clear conditions throughout the day.,clear-day,"OMSJ,41194099999,41194599999,OMDW,OMDB,41196099999",320
"Dubai,United Arab Emirates",11/10/2024,43,33,38.1,44.8,34.6,41.1,18.9,35.1,0,0,0,,0,0,25.6,24.1,261.2,995.2,4.7,10,335.8,28.9,10,38,2024-06-25T05:30:22,2024-06-25T19:12:44,0.62,Clear,Clear conditions throughout the day.,clear-day,"OMSJ,41194099999,41194599999,OMDW,OMDB,41196099999",316
"Dubai,United Arab Emirates",11/11/2024,46,34.8,39.4,52.2,37.9,43.7,20.2,34.7,0,0,0,,0,0,25.2,24.1,330.8,997.2,7.1,9.7,335.3,28.9,10,38,2024-06-24T05:30:05,2024-06-24T19:12:35,0.58,Clear,Clear conditions throughout the day.,clear-day,"OMSJ,41194099999,41194599999,OMDW,OMDB,41196099999",314
"Dubai,United Arab Emirates",11/12/2024,46.9,33.8,39.5,51.2,41.3,45.7,21.4,40.5,0,0,0,,0,0,23.4,22.1,351,997,6.3,8.9,337.5,29,10,38,2024-06-23T05:29:50,2024-06-23T19:12:26,0.55,Clear,Clear conditions throughout the day.,clear-day,"OMSJ,41194099999,41194599999,OMDW,OMDB,41196099999",230
"Dubai,United Arab Emirates",11/13/2024,44,32.9,38,50.7,43.5,47,24.6,50,0,0,0,,0,0,20.9,27.6,345.4,995.3,0.2,8.6,334.7,28.8,10,38,2024-06-22T05:29:35,2024-06-22T19:12:15,0.5,Clear,Clear conditions throughout the day.,clear-day,"OMSJ,41194099999,41194599999,OMDW,OMDB,41196099999",293
"Dubai,United Arab Emirates",11/14/2024,43,33.9,38.1,54.7,38.2,45.3,23.1,43.7,0,0,0,,0,0,17.6,24,290.9,995.4,12.4,8.8,330,28.6,10,38,2024-06-21T05:29:22,2024-06-21T19:12:03,0.48,Clear,Clear conditions throughout the day.,clear-day,"OMSJ,41194099999,41194599999,OMDW,OMDB,41196099999",296
"Dubai,United Arab Emirates",11/15/2024,41,33,36.9,51.2,35.6,43.4,22.6,45.1,0,0,0,,0,0,25.6,20.3,226.5,996.1,22.9,10,330.5,28.6,10,38,2024-06-20T05:29:09,2024-06-20T19:11:50,0.44,Cloudy,Clearing in the afternoon.,partly-cloudy-day,"OMSJ,41194099999,41194599999,OMDW,OMDB,41196099999",340
"Dubai,United Arab Emirates",11/16/2024,44,32.9,37.4,48.8,33.6,41.2,19.7,37.9,0,0,0,,0,0,25.6,27.9,238.9,998.2,14.2,9.8,334.3,28.9,10,38,2024-06-19T05:28:57,2024-06-19T19:11:36,0.41,Clear,Clear conditions throughout the day.,clear-day,"OMSJ,41194099999,41194599999,OMDW,OMDB,41196099999",314
"Dubai,United Arab Emirates",11/17/2024,44.9,34.8,38.2,47.2,35.4,41.2,18.8,34,0,0,0,,0,0,25.9,27.7,282.2,1000,15.3,9.9,330.2,28.5,10,38,2024-06-18T05:28:46,2024-06-18T19:11:22,0.38,Clear,Clear conditions throughout the day.,clear-day,"OMSJ,41194099999,41194599999,OMDW,OMDB,41196099999",211
"Dubai,United Arab Emirates",11/18/2024,43.9,33.9,38,48.5,36.2,41.6,20,36.2,0,0,0,,0,0,35.6,25.8,320.2,1000.1,0.2,10,337.4,29.3,10,38,2024-06-17T05:28:36,2024-06-17T19:11:06,0.35,Clear,Clear conditions throughout the day.,clear-day,"OMSJ,41194099999,41194599999,OMDW,OMDB,41196099999",213
"Dubai,United Arab Emirates",11/19/2024,43,31.8,38.2,47.5,30.4,37.9,12.9,22.9,0,0,0,,0,0,25.2,22.3,25.5,999.4,0,10,343.3,29.6,10,38,2024-06-16T05:28:27,2024-06-16T19:10:49,0.32,Clear,Clear conditions throughout the day.,clear-day,"OMSJ,41194099999,41194599999,OMDW,OMDB,41196099999",259
"Dubai,United Arab Emirates",11/20/2024,41,30.8,36.3,43,30.1,36.6,14.8,29.4,0,0,0,,0,0,21.6,22.2,316.2,998.2,0,10,346.1,29.8,10,15,2024-06-15T05:28:20,2024-06-15T19:10:32,0.28,Clear,Clear conditions throughout the day.,clear-day,"OMSJ,41194099999,41194599999,OMDW,OMDB,41196099999",231
"Dubai,United Arab Emirates",11/21/2024,37,30,34.5,45.8,31.3,39.3,22.1,48.7,0,0,0,,0,0,42.5,25.9,249.2,998.4,0,10,340.5,29.5,10,75,2024-06-14T05:28:13,2024-06-14T19:10:14,0.25,Clear,Clear conditions throughout the day.,clear-day,"OMSJ,41194099999,41194599999,OMDW,OMDB,41196099999",337
"Dubai,United Arab Emirates",11/22/2024,41,31.9,36.7,50,31.5,39.9,19.2,36.6,0,0,0,,0,0,47.5,23.9,250.7,1000.1,2.9,10,73.8,6.5,9,50,2024-06-13T05:28:07,2024-06-13T19:09:55,0.22,Clear,Clear conditions throughout the day.,clear-day,"OMSJ,41194099999,41194599999,OMDW,OMDB,41196099999,E1978",348
"Dubai,United Arab Emirates",11/23/2024,41,31.9,36.5,42.9,32.3,38.3,18.2,35.2,0,0,0,,0,0,33.1,27.8,251.5,1001.8,1.1,9.6,82.4,7.2,8,38,2024-06-12T05:28:03,2024-06-12T19:09:35,0.19,Clear,Clear conditions throughout the day.,clear-day,"OMSJ,41194099999,41194599999,OMDW,OMDB,41196099999,E1978",323
"Dubai,United Arab Emirates",11/24/2024,43,33.9,37.6,44.7,35,40,18.7,34.1,0,0,0,,0,0,33.5,31.7,258.8,1002.8,0.2,9.6,38.5,3.2,3,38,2024-06-11T05:27:59,2024-06-11T19:09:14,0.15,Clear,Clear conditions throughout the day.,clear-day,"OMSJ,41194099999,41194599999,OMDW,OMDB,41196099999,E1978",308
"Dubai,United Arab Emirates",11/25/2024,42,33.9,37.3,46.2,35,40.2,19.5,35.7,0,0,0,,0,0,27,27.6,292.7,1002.9,0,8.4,131.6,11.4,8,38,2024-06-10T05:27:57,2024-06-10T19:08:52,0.12,Clear,Clear conditions throughout the day.,clear-day,"OMSJ,41194099999,41194599999,OMDW,OMDB,41196099999,E1978",92
"Dubai,United Arab Emirates",11/26/2024,27,21,24.5,28.1,21,24.6,18.4,69.9,1.8,100,29.17,rain,0,0,35.6,30.8,276.1,1007.8,47.8,10,232.9,20.1,10,10,2024-04-17T05:54:15,2024-04-17T18:42:43,0.28,Rain,Partly cloudy throughout the day with rain clearing later.,rain,"OMSJ,41194099999,41194599999,OMDW,OMDB,41196099999,E1978",186
"Dubai,United Arab Emirates",11/27/2024,26.9,19.9,22.1,29,19.9,22.3,19.6,86.4,158.4,100,87.5,rain,0,0,70.6,44.7,92.6,1006.5,46.2,7.5,224.4,19.5,9,30,2024-04-16T05:55:10,2024-04-16T18:42:15,0.25,Rain,Partly cloudy throughout the day with a chance of rain throughout the day.,rain,"OMSJ,41194099999,41194599999,OMDW,OMDB,41196099999,E1978",571
"Dubai,United Arab Emirates",11/28/2024,33.1,23.8,27.9,32.3,23.8,27.8,14.5,46.5,19.4,100,25,rain,0,0,37.1,26,108,1009.5,46.7,10,219.9,18.9,8,30,2024-04-15T05:56:06,2024-04-15T18:41:47,0.25,Rain,Partly cloudy throughout the day with rain.,rain,"OMSJ,41194099999,41194599999,OMDW,OMDB,41196099999,E1978",304
"Dubai,United Arab Emirates",11/29/2024,30.9,24.9,27.9,29.1,24.9,27.2,11.5,38,0.1,100,4.17,rain,0,0,33.1,23.9,261.3,1008.1,14.3,10,186.7,16.1,8,10,2024-04-14T05:57:03,2024-04-14T18:41:19,0.18,Rain,Clear conditions throughout the day with early morning rain.,rain,"OMSJ,41194099999,41194599999,OMDW,OMDB,41196099999,E1978",217
"Dubai,United Arab Emirates",11/30/2024,32,26,28.8,30.2,26,28.3,13.7,41.6,0.1,100,4.17,rain,0,0,41,25.8,274.2,1006.7,79.3,9.9,220.9,19.1,9,5,2024-04-13T05:58:00,2024-04-13T18:40:52,0.15,Rain,Partly cloudy throughout the day with late afternoon rain.,rain,"OMSJ,41194099999,41194599999,OMDW,OMDB,41196099999,E1978",277
"Dubai,United Arab Emirates",12/01/2024,33.9,27.8,30.2,34.6,28.3,30.9,17.4,47.9,0,0,0,,0,0,28.8,29.5,300.6,1006.7,71,10,209.9,18.2,8,5,2024-04-12T05:58:58,2024-04-12T18:40:24,0.12,Cloudy,Partly cloudy throughout the day.,partly-cloudy-day,"OMSJ,41194099999,41194599999,OMDW,OMDB,41196099999,E1978",238
"Dubai,United Arab Emirates",12/02/2024,34,24.9,29.4,34.1,24.9,30.2,17.2,48.6,0.1,100,4.17,rain,0,0,22,22,230.6,1008,54.9,10,243,20.9,8,5,2024-04-11T05:59:56,2024-04-11T18:39:57,0.08,Rain,Partly cloudy throughout the day with afternoon rain.,rain,"OMSJ,41194099999,41194599999,OMDW,OMDB,41196099999,E1978",251
"Dubai,United Arab Emirates",12/03/2024,34,25.9,29.8,32.9,25.9,29.5,14.6,40.8,0,0,0,,0,0,23,22.4,259.4,1009.6,84.9,10,174.8,15.1,5,10,2024-04-10T06:00:54,2024-04-10T18:39:30,0.05,Cloudy,Partly cloudy throughout the day.,partly-cloudy-day,"OMSJ,41194099999,41194599999,OMDW,OMDB,41196099999,E1978",188
"Dubai,United Arab Emirates",12/04/2024,31,26.9,29.3,30.9,27.1,29,14.3,40.3,0,0,0,,0,0,27.4,20.6,261.4,1010.3,87.2,10,87.8,7.7,4,10,2024-04-09T06:01:53,2024-04-09T18:39:03,0.02,Cloudy,Partly cloudy throughout the day.,partly-cloudy-day,"OMSJ,41194099999,41194599999,OMDW,OMDB,41196099999,E1978",216
"Dubai,United Arab Emirates",12/05/2024,34.9,23.8,29.7,32.6,23.8,28.6,10.9,34.6,0,0,0,,0,0,14.8,18.1,333.9,1009.5,52.9,10,205.8,17.8,5,10,2024-04-08T06:02:53,2024-04-08T18:38:36,0,Cloudy,Partly cloudy throughout the day.,partly-cloudy-day,"OMSJ,41194099999,41194599999,OMDW,OMDB,41196099999,E1978",230
"Dubai,United Arab Emirates",12/06/2024,32.9,20.9,26.9,30.7,20.9,26.3,12.6,44.6,0,0,0,,0,0,22,31.4,323.9,1009.6,26,9.7,200.5,17.3,7,10,2024-04-07T06:03:53,2024-04-07T18:38:09,0.95,Cloudy,Partly cloudy throughout the day.,partly-cloudy-day,"OMSJ,41194099999,41194599999,OMDW,OMDB,41196099999,E1978",214
"Dubai,United Arab Emirates",12/07/2024,30,20,25.3,29.1,20,25.3,15.4,55.9,0,0,0,,0,0,21.2,22.3,257.5,1011.5,0,8.8,246.9,21.5,8,10,2024-04-06T06:04:53,2024-04-06T18:37:43,0.92,Clear,Clear conditions throughout the day.,clear-day,"OMSJ,41194099999,41194599999,OMDW,OMDB,41196099999,E1978",239
"Dubai,United Arab Emirates",12/08/2024,29,18,24.7,28.6,18,24.6,16,61.9,0,0,0,,0,0,23,18.4,243.9,1012.7,6.4,8.2,16.5,1.4,0,5,2024-04-05T06:05:54,2024-04-05T18:37:16,0.88,Clear,Clear conditions throughout the day.,clear-day,"OMSJ,41194099999,41194599999,OMDW,OMDB,41196099999,E1978",278
"Dubai,United Arab Emirates",12/09/2024,30,20.9,25.8,28.8,20.9,25.4,12.9,47.7,0,0,0,,0,0,23.4,27.7,243.1,1012,15.3,8.6,21.4,2.1,1,10,2024-04-04T06:06:54,2024-04-04T18:36:49,0.85,Clear,Clear conditions throughout the day.,clear-day,"OMSJ,41194099999,41194599999,OMDW,OMDB,41196099999,E1978",262
"Dubai,United Arab Emirates",12/10/2024,30.9,21.7,26,29,21.7,25.5,10.8,40.1,0,0,0,,0,0,17.3,24,263.2,1010.9,65.9,10,219.6,19.1,8,10,2024-04-03T06:07:56,2024-04-03T18:36:23,0.81,Cloudy,Partly cloudy throughout the day.,partly-cloudy-day,"OMSJ,41194099999,41194599999,OMDW,OMDB,41196099999,E1978",236
"Dubai,United Arab Emirates",12/11/2024,27.9,20.8,24.5,27.6,20.8,24.4,14.2,54.8,0,0,0,,0,0,24.1,26,242.6,1011.3,56.2,9.4,82.1,7.1,4,10,2024-04-02T06:08:57,2024-04-02T18:35:56,0.75,Cloudy,Partly cloudy throughout the day.,partly-cloudy-day,"OMSJ,41194099999,41194599999,OMDW,OMDB,41196099999,E1978",299
"Dubai,United Arab Emirates",12/12/2024,27.9,18.9,23.8,27.8,18.9,23.8,16.6,66.2,0,0,0,,0,0,30.2,18.5,236.1,1013.9,67.6,8.2,242.1,21,8,5,2024-04-01T06:09:59,2024-04-01T18:35:30,0.74,Cloudy,Partly cloudy throughout the day.,partly-cloudy-day,"OMSJ,41194099999,41194599999,OMDW,OMDB,41196099999,E1978",257
"Dubai,United Arab Emirates",12/13/2024,28.9,23.9,25,30.2,23.9,25.1,18.7,69.2,0,0,0,,0,0,19.4,22.2,278.9,1015.7,67.2,10,220.7,19.1,8,10,2024-03-31T06:11:01,2024-03-31T18:35:04,0.71,Cloudy,Partly cloudy throughout the day.,partly-cloudy-day,"OMSJ,OMDW,OMDB,E1978",172
"Dubai,United Arab Emirates",12/14/2024,28,19.9,23.8,28.2,19.9,23.8,16.8,65.8,0,0,0,,0,0,23.4,27.6,342.7,1013.6,49.7,10,249.4,21.6,8,10,2024-03-30T06:12:03,2024-03-30T18:34:37,0.67,Cloudy,Becoming cloudy in the afternoon.,partly-cloudy-day,"OMSJ,OMDW,OMDB,E1978",254
"Dubai,United Arab Emirates",12/15/2024,26,22.9,24.2,26,22.9,24.2,15.4,58.1,0,0,0,,0,0,51.5,27.7,264,1011.8,18.9,10,178.5,15.5,9,10,2024-03-29T06:13:05,2024-03-29T18:34:11,0.64,Clear,Clear conditions throughout the day.,clear-day,"OMSJ,OMDW,OMDB,E1978",304
"Dubai,United Arab Emirates",12/16/2024,26,18.9,23,26,18.9,23,14.7,60.3,0,0,0,,0,0,51.8,35.2,253.5,1014.7,23.9,10,83.3,7.2,3,10,2024-03-28T06:14:08,2024-03-28T18:33:44,0.61,Cloudy,Partly cloudy throughout the day.,partly-cloudy-day,"OMSJ,OMDW,OMDB,E1978",292
"Dubai,United Arab Emirates",12/17/2024,25,20.9,22.8,25,20.9,22.8,13.3,55.5,0,0,0,,0,0,41.4,29.5,267.3,1017,36.1,10,263.2,22.9,10,10,2024-03-27T06:15:10,2024-03-27T18:33:18,0.57,Cloudy,Becoming cloudy in the afternoon.,partly-cloudy-day,"OMSJ,41194099999,41194599999,OMDW,OMDB,41196099999,E1978",253
"Dubai,United Arab Emirates",12/18/2024,28.9,21.9,25.1,29.8,21.9,25.2,16.8,61.3,0,0,0,,0,0,47.5,27.7,279.4,1014.2,71.2,9.4,254.8,22,8,10,2024-03-26T06:16:13,2024-03-26T18:32:52,0.54,Cloudy,Partly cloudy throughout the day.,partly-cloudy-day,"OMSJ,41194099999,41194599999,OMDW,OMDB,41196099999,E1978",271
"Dubai,United Arab Emirates",12/19/2024,33,28,30.3,33,28.1,30.4,15.7,42,0,0,0,,0,0,42.5,29.5,172,1011,53.3,9.4,262.4,22.6,9,10,2024-03-25T06:17:15,2024-03-25T18:32:25,0.5,Cloudy,Partly cloudy throughout the day.,partly-cloudy-day,"OMSJ,41194099999,41194599999,OMDW,OMDB,41196099999,E1978",251
"Dubai,United Arab Emirates",12/20/2024,34.9,25.9,29.1,33.9,25.9,29.3,16.6,48.1,0,0,0,,0,0,37.8,22.1,57.4,1010.2,67.7,10,236.4,20.5,8,5,2024-03-24T06:18:18,2024-03-24T18:31:58,0.47,Cloudy,Partly cloudy throughout the day.,partly-cloudy-day,"OMSJ,41194099999,41194599999,OMDW,OMDB,41196099999,E1978",216
"Dubai,United Arab Emirates",12/21/2024,33,24.8,27.4,32,24.8,27.2,17,55.9,0.2,100,8.33,rain,0,0,32,20.4,47.9,1009.9,39.6,9.5,216.5,18.5,9,10,2024-03-23T06:19:21,2024-03-23T18:31:32,0.43,Rain,Partly cloudy throughout the day with rain in the morning and afternoon.,rain,"OMSJ,41194099999,41194599999,OMDW,OMDB,41196099999,E1978",269
"Dubai,United Arab Emirates",12/22/2024,28,20,24.6,28.8,20,25,18.3,68.4,0,0,0,,0,0,23.4,22.4,257.9,1010.2,42.1,9.5,151.7,13.3,6,10,2024-03-22T06:20:24,2024-03-22T18:31:05,0.4,Cloudy,Becoming cloudy in the afternoon.,partly-cloudy-day,"OMSJ,41194099999,41194599999,OMDW,OMDB,41196099999,E1978",252
"Dubai,United Arab Emirates",12/23/2024,29,22.9,26.1,29.2,22.9,26.2,18.7,65.6,0,0,0,,0,0,24.8,20.4,275,1012.9,8.5,10,254.4,21.9,7,10,2024-03-21T06:21:26,2024-03-21T18:30:38,0.37,Clear,Clear conditions throughout the day.,clear-day,"OMSJ,41194099999,41194599999,OMDW,OMDB,41196099999,E1978",279
"Dubai,United Arab Emirates",12/24/2024,33,25.9,29.2,32.2,25.9,29.5,16.6,47.8,0.1,100,4.17,rain,0,0,44.3,24.1,236.4,1012,46.6,9.3,57.9,5,2,10,2024-03-20T06:22:29,2024-03-20T18:30:11,0.33,Rain,Partly cloudy throughout the day with early morning rain.,rain,"OMSJ,41194099999,41194599999,OMDW,OMDB,41196099999,E1978",270
"Dubai,United Arab Emirates",12/25/2024,33.9,22.9,27.8,34.9,22.9,28.3,18,56.7,0,0,0,,0,0,21.2,20.4,29.2,1012.4,55.5,10,227.3,19.5,9,10,2024-03-19T06:23:31,2024-03-19T18:29:44,0.3,Cloudy,Partly cloudy throughout the day.,partly-cloudy-day,"OMSJ,41194099999,41194599999,OMDW,OMDB,41196099999,E1978",269
"Dubai,United Arab Emirates",12/26/2024,33.9,24.7,27.7,32.4,24.7,27.7,16.3,51.8,0,0,0,,0,0,24.5,29.2,303.4,1013.2,45.6,10,110.3,9.7,5,10,2024-03-18T06:24:34,2024-03-18T18:29:17,0.27,Cloudy,Becoming cloudy in the afternoon.,partly-cloudy-day,"OMSJ,41194099999,41194599999,OMDW,OMDB,41196099999,E1978",282
"Dubai,United Arab Emirates",12/27/2024,34.9,24.8,29.1,34.3,24.8,28.8,13.8,40,0,0,0,,0,0,17.3,24.2,259.4,1013.3,40.8,10,127.4,11.1,3,10,2024-03-17T06:25:36,2024-03-17T18:28:50,0.25,Cloudy,Partly cloudy throughout the day.,partly-cloudy-day,"OMSJ,41194099999,41194599999,OMDW,OMDB,41196099999,E1978",212
"Dubai,United Arab Emirates",12/28/2024,32,21.8,27,31.6,21.8,26.9,15.2,50,0,0,0,,0,0,21.2,20.5,28.5,1014,17.8,9.9,249.8,21.5,10,10,2024-03-16T06:26:38,2024-03-16T18:28:22,0.2,Clear,Clear conditions throughout the day.,clear-day,"OMSJ,41194099999,41194599999,OMDW,OMDB,41196099999,E1978",231
"Dubai,United Arab Emirates",12/29/2024,31,20.9,25.4,29.7,20.9,25.2,16.1,60.4,0,0,0,,0,0,25.6,25.9,17.3,1015.6,27.2,8.8,188.6,16.3,10,10,2024-03-15T06:27:40,2024-03-15T18:27:55,0.17,Cloudy,Partly cloudy throughout the day.,partly-cloudy-day,"OMSJ,41194099999,41194599999,OMDW,OMDB,41196099999,E1978",249
"Dubai,United Arab Emirates",12/30/2024,31.9,20.8,25.4,29.7,20.8,25,15.6,61.7,0,0,0,,0,0,19.4,20.5,15.7,1017.3,9.5,8.9,238.7,20.6,10,5,2024-03-14T06:28:41,2024-03-14T18:27:27,0.13,Clear,Clear conditions throughout the day.,clear-day,"OMSJ,41194099999,41194599999,OMDW,OMDB,41196099999,E1978",318
"Dubai,United Arab Emirates",12/31/2024,29,18.8,23.5,27.9,18.8,23.4,13.8,56.9,0,0,0,,0,0,22.3,22.4,14.8,1017.7,0.6,10,215.3,18.7,9,10,2024-03-13T06:29:43,2024-03-13T18:26:59,0.1,Clear,Clear conditions throughout the day.,clear-day,"OMSJ,41194099999,41194599999,OMDW,OMDB,41196099999,E1978",328
"Dubai,United Arab Emirates",01/01/2025,26,21.9,24.1,26,21.9,24.1,14.4,55,0,0,0,rain,0,0,43.6,29.5,263.9,1016.6,20.5,10,288.7,24.9,9,10,2024-03-12T06:30:44,2024-03-12T18:26:30,0.07,Cloudy,Partly cloudy throughout the day.,partly-cloudy-day,"OMSJ,41194099999,41194599999,OMDW,OMDB,41196099999,E1978",348
"Dubai,United Arab Emirates",01/02/2025,30.9,18.9,23.6,28.9,18.9,23.4,14.6,62.9,0,0,0,,0,0,19.4,25.6,51.9,1016.5,7.8,9.2,283.5,24.4,9,10,2024-03-11T06:31:45,2024-03-11T18:26:02,0.03,Clear,Clear conditions throughout the day.,clear-day,"OMSJ,41194099999,41194599999,OMDW,OMDB,41196099999,E1978",349
"Dubai,United Arab Emirates",01/03/2025,25.8,17.9,22,25.8,17.9,22,17.2,75.3,0.2,100,8.33,rain,0,0,28.4,20.4,3.2,1015.3,17.6,10,268.6,23.1,9,10,2024-03-10T06:32:45,2024-03-10T18:25:33,0,Rain,Clear conditions throughout the day with early morning rain.,rain,"OMSJ,41194099999,41194599999,OMDW,OMDB,41196099999,E1978",270
"Dubai,United Arab Emirates",01/04/2025,24.9,18,20.6,24.9,18,20.6,17,80.7,17.7,100,66.67,rain,0,0,33.5,33.1,66.2,1013.5,52.9,8.1,292.1,25.3,9,10,2024-03-09T06:33:45,2024-03-09T18:25:04,0.96,Rain,Partly cloudy throughout the day with a chance of rain throughout the day.,rain,"OMSJ,41194099999,41194599999,OMDW,OMDB,41196099999,E1978",480
"Dubai,United Arab Emirates",01/05/2025,31,20.9,25.4,31.4,20.9,25.5,16.4,59.2,0.2,100,8.33,rain,0,0,31.7,27.6,64.5,1013,27.3,8.7,276.3,24.1,9,10,2024-03-08T06:34:45,2024-03-08T18:24:34,0.93,Rain,Partly cloudy throughout the day with rain.,rain,"OMSJ,41194099999,41194599999,OMDW,OMDB,41196099999,E1978",287
"Dubai,United Arab Emirates",01/06/2025,26,19,22.7,26,19,22.7,14.2,59.2,0,0,0,,0,0,12.6,20.3,342.7,1014.4,37.2,9.3,209.8,18.1,9,10,2024-03-07T06:35:44,2024-03-07T18:24:05,0.9,Cloudy,Partly cloudy throughout the day.,partly-cloudy-day,"OMSJ,41194099999,41194599999,OMDW,OMDB,41196099999,E1978",296
"Dubai,United Arab Emirates",01/07/2025,25,20,22.8,25,20,22.8,14.8,61.9,0,0,0,,0,0,23,18.4,280.4,1014.6,19.5,10,267.1,23.1,9,10,2024-03-06T06:36:42,2024-03-06T18:23:35,0.86,Clear,Clear conditions throughout the day.,clear-day,"OMSJ,41194099999,41194599999,OMDW,OMDB,41196099999,E1978",188
"Dubai,United Arab Emirates",01/08/2025,36,24.8,30.1,33.4,24.8,29.1,10.1,30.3,0,0,0,,0,0,21.2,22.2,286,1005.4,1.6,10,353.1,30.5,10,10,2023-04-30T05:43:53,2023-04-30T18:48:37,0.33,Clear,Clear conditions throughout the day.,clear-day,"OMSJ,41194099999,41194599999,OMDW,OMDB,41196099999,E1978",60
"Dubai,United Arab Emirates",01/09/2025,33,23,28.2,31.3,23,27.5,12.2,40,0,0,0,,0,0,22.3,24.1,268.8,1006.4,0.7,10,250.2,21.6,10,8,2023-04-29T05:44:39,2023-04-29T18:48:07,0.29,Clear,Clear conditions throughout the day.,clear-day,"OMSJ,41194099999,41194599999,OMDW,OMDB,41196099999,E1978",282
"Dubai,United Arab Emirates",01/10/2025,31,23.8,27.8,30.5,23.8,27.6,13.6,43.1,0,0,0,,0,0,25.9,24,269.7,1007,0.8,10,375.4,32.4,10,30,2023-04-28T05:45:27,2023-04-28T18:47:37,0.25,Clear,Clear conditions throughout the day.,clear-day,"OMSJ,41194099999,41194599999,OMDW,OMDB,41196099999,E1978",323
"Dubai,United Arab Emirates",01/11/2025,31.9,24.9,28.1,30.1,24.9,28,15.6,50,0,0,0,,0,0,31,22.4,246.8,1007,24.9,10,373.2,32.5,10,30,2023-04-27T05:46:15,2023-04-27T18:47:08,0.23,Cloudy,Partly cloudy throughout the day.,partly-cloudy-day,"OMSJ,41194099999,41194599999,OMDW,OMDB,41196099999,E1978",262
"Dubai,United Arab Emirates",01/12/2025,34,26.9,29.5,34.4,27.4,30.1,16.8,48,0,0,0,,0,0,37.4,33.2,303.1,1007.1,53.8,9.7,252.8,22,9,60,2023-04-26T05:47:03,2023-04-26T18:46:38,0.2,Cloudy,Partly cloudy throughout the day.,partly-cloudy-day,"OMSJ,41194099999,41194599999,OMDW,OMDB,41196099999,E1978",283
"Dubai,United Arab Emirates",01/13/2025,35,25.8,30,34.3,25.8,29.3,11.2,32.1,0,0,0,,0,0,25.2,27.6,325.5,1007.1,41.9,10,368,31.8,10,30,2023-04-25T05:47:53,2023-04-25T18:46:09,0.17,Cloudy,Partly cloudy throughout the day.,partly-cloudy-day,"OMSJ,41194099999,41194599999,OMDW,OMDB,41196099999,E1978",263
"Dubai,United Arab Emirates",01/14/2025,33,23.9,29,31.5,23.9,28.1,10.7,33.4,0,0,0,,0,0,21.2,18.3,253,1007.6,52.5,10,269.7,23.4,10,10,2023-04-24T05:48:43,2023-04-24T18:45:40,0.13,Cloudy,Partly cloudy throughout the day.,partly-cloudy-day,"OMSJ,41194099999,41194599999,OMDW,OMDB,41196099999,E1978",260
"Dubai,United Arab Emirates",01/15/2025,32,23.8,27.8,31.4,23.8,27.5,13.8,43.2,0,0,0,,0,0,29.2,27.5,263.2,1007.8,59.1,10,259.9,22.3,8,10,2023-04-23T05:49:34,2023-04-23T18:45:11,0.1,Cloudy,Partly cloudy throughout the day.,partly-cloudy-day,"OMSJ,41194099999,41194599999,OMDW,OMDB,41196099999,E1978",222
"Dubai,United Arab Emirates",01/16/2025,33,22.9,27.9,31.3,22.9,27.5,11.9,38.7,0,0,0,,0,0,23,25.8,321,1007.3,54.5,10,222.7,19.3,10,10,2023-04-22T05:50:26,2023-04-22T18:44:42,0.07,Cloudy,Partly cloudy throughout the day.,partly-cloudy-day,"OMSJ,41194099999,41194599999,OMDW,OMDB,41196099999,E1978",251
"Dubai,United Arab Emirates",01/17/2025,30.9,21.9,26.9,29.4,21.9,26.3,12.6,44.4,0,0,0,,0,0,22,22.3,265,1006.7,0.8,10,343.6,29.7,10,10,2023-04-21T05:51:19,2023-04-21T18:44:14,0.04,Clear,Clear conditions throughout the day.,clear-day,"OMSJ,41194099999,41194599999,OMDW,OMDB,41196099999,E1978",186
"Dubai,United Arab Emirates",01/18/2025,30,21.8,25.8,29.1,21.8,25.7,16.3,57.4,0,0,0,,0,0,25.2,20.6,251.3,1008.1,37.4,9.8,198.1,17.2,10,10,2023-04-20T05:52:12,2023-04-20T18:43:45,0,Cloudy,Partly cloudy throughout the day.,partly-cloudy-day,"OMSJ,41194099999,41194599999,OMDW,OMDB,41196099999,E1978",197
"Dubai,United Arab Emirates",01/19/2025,29.9,21.8,25.5,30.2,21.8,25.6,16.3,57.3,0,0,0,,0,0,27,27.5,289.5,1011.5,56.3,10,362.5,31.5,10,10,2023-04-19T05:53:06,2023-04-19T18:43:17,0.97,Cloudy,Partly cloudy throughout the day.,partly-cloudy-day,"OMSJ,41194099999,41194599999,OMDW,OMDB,41196099999,E1978",250
"Dubai,United Arab Emirates",01/20/2025,29,23.8,26,28.1,23.8,25.9,14.4,49.9,0,0,0,,0,0,28.1,20.5,252.6,1012.7,61.9,10,338.4,29.3,9,10,2023-04-18T05:54:01,2023-04-18T18:42:49,0.93,Cloudy,Partly cloudy throughout the day.,partly-cloudy-day,"OMSJ,41194099999,41194599999,OMDW,OMDB,41196099999,E1978",261
"Dubai,United Arab Emirates",01/21/2025,29,22.9,25.7,29.2,22.9,25.8,16.3,56.5,0,0,0,,0,0,40.7,25.9,249.1,1010,70.6,10,311,26.9,10,10,2023-04-17T05:54:56,2023-04-17T18:42:21,0.9,Cloudy,Partly cloudy throughout the day.,partly-cloudy-day,"OMSJ,41194099999,41194599999,OMDW,OMDB,41196099999,E1978",259
"Dubai,United Arab Emirates",01/22/2025,28,20.9,24.6,28.2,20.9,24.7,15.7,58.2,0,0,0,,0,0,41,27.9,242.5,1010,51.7,10,255.9,22.1,10,10,2023-04-16T05:55:52,2023-04-16T18:41:53,0.86,Cloudy,Becoming cloudy in the afternoon.,partly-cloudy-day,"OMSJ,41194099999,41194599999,OMDW,OMDB,41196099999,E1978",181
"Dubai,United Arab Emirates",01/23/2025,29.9,24,26.3,28.9,24,26.4,16.7,56.9,0,0,0,,0,0,43.6,29.4,263.4,1012,55,10,389.6,33.9,9,10,2023-04-15T05:56:49,2023-04-15T18:41:25,0.83,Cloudy,Partly cloudy throughout the day.,partly-cloudy-day,"OMSJ,41194099999,41194599999,OMDW,OMDB,41196099999,E1978",221
"Dubai,United Arab Emirates",01/24/2025,32,27,29.6,32.8,27.9,30.8,18.8,53,0,0,0,,0,0,48.3,29.4,294.5,1012.8,49.9,10,330.1,28.6,9,15,2023-04-14T05:57:46,2023-04-14T18:40:58,0.79,Cloudy,Partly cloudy throughout the day.,partly-cloudy-day,"OMSJ,41194099999,41194599999,OMDW,OMDB,41196099999,E1978",229
"Dubai,United Arab Emirates",01/25/2025,37,28.8,31.7,36.1,28.7,32.3,17,42.1,0.4,100,12.5,rain,0,0,59.4,37.1,144,1011.6,48.5,10,271.4,23.4,9,15,2023-04-13T05:58:43,2023-04-13T18:40:30,0.75,Rain,Partly cloudy throughout the day with rain clearing later.,rain,"OMSJ,41194099999,41194599999,OMDW,OMDB,41196099999,E1978",243
"Dubai,United Arab Emirates",01/26/2025,34,26,29.7,33.6,26,30,16.4,45.9,0,0,0,,0,0,33.5,25.8,301.1,1011.5,14,10,340.7,29.5,10,5,2023-04-12T05:59:41,2023-04-12T18:40:03,0.72,Clear,Clear conditions throughout the day.,clear-day,"OMSJ,41194099999,41194599999,OMDW,OMDB,41196099999,E1978",275
"Dubai,United Arab Emirates",01/27/2025,36.9,23.8,28.6,34.8,23.8,28.8,16.2,50.1,0,0,0,,0,0,29.2,31.5,351.7,1011.4,51.7,9.9,387,33.4,10,15,2023-04-11T06:00:40,2023-04-11T18:39:36,0.68,Cloudy,Partly cloudy throughout the day.,partly-cloudy-day,"OMSJ,41194099999,41194599999,OMDW,OMDB,41196099999,E1978",262
"Dubai,United Arab Emirates",01/28/2025,31.9,22.8,27.2,32.8,22.8,27.6,17.7,57.6,0,0,0,,0,0,21.2,27.6,325.2,1012.2,9.3,8.5,369.7,32.1,10,15,2023-04-10T06:01:38,2023-04-10T18:39:09,0.65,Clear,Clear conditions throughout the day.,clear-day,"OMSJ,41194099999,41194599999,OMDW,OMDB,41196099999,E1978",190
"Dubai,United Arab Emirates",01/29/2025,31,21.9,26.4,30.7,21.9,26.5,17.3,59.8,0,0,0,,0,0,28.4,25.7,328.2,1013.9,55,9.7,352.9,30.7,10,8,2023-04-08T06:03:38,2023-04-08T18:38:15,0.58,Cloudy,Partly cloudy throughout the day.,partly-cloudy-day,"OMSJ,41194099999,41194599999,OMDW,OMDB,41196099999,E1978",150
"Dubai,United Arab Emirates",01/30/2025,30,20.8,25.5,30.3,20.8,25.6,17,61.6,0,0,0,,0,0,34.2,29.4,356.6,1012,1.8,8.8,310.1,26.9,10,10,2023-04-07T06:04:38,2023-04-07T18:37:48,0.54,Clear,Clear conditions throughout the day.,clear-day,"OMSJ,41194099999,41194599999,OMDW,OMDB,41196099999,E1978",225
"Dubai,United Arab Emirates",01/31/2025,28.8,19.8,23.8,29.6,19.8,23.9,17.1,68,0,0,0,,0,0,18.4,27.6,277.2,1010.8,13,9.2,311.6,27.1,10,10,2023-04-06T06:05:38,2023-04-06T18:37:22,0.5,Clear,Clear conditions throughout the day.,clear-day,"OMSJ,41194099999,41194599999,OMDW,OMDB,41196099999,E1978",245
"Dubai,United Arab Emirates",02/01/2025,26,19,22.8,26,19,22.8,15.8,65.3,0,0,0,,0,0,20.5,22.3,246.1,1011.6,21.8,10,367.8,32,10,10,2023-04-05T06:06:39,2023-04-05T18:36:55,0.47,Cloudy,Partly cloudy throughout the day.,partly-cloudy-day,"OMSJ,41194099999,41194599999,OMDW,OMDB,41196099999,E1978",242
"Dubai,United Arab Emirates",02/02/2025,26.1,18,22.6,26.1,18,22.6,14.4,60.7,0,0,0,,0,0,35.3,29.4,248.4,1011.8,20,10,401.7,34.6,10,10,2023-04-04T06:07:40,2023-04-04T18:36:29,0.44,Clear,Partly cloudy throughout the day.,clear-day,"OMSJ,41194099999,41194599999,OMDW,OMDB,41196099999,E1978",206
"Dubai,United Arab Emirates",02/03/2025,25,21,22.8,25,21,22.8,13.4,55.6,0,0,0,,0,0,45.7,31.7,267.9,1011.5,20.9,10,381.4,33.1,10,10,2023-04-03T06:08:42,2023-04-03T18:36:02,0.41,Cloudy,Partly cloudy throughout the day.,partly-cloudy-day,"OMSJ,41194099999,41194599999,OMDW,OMDB,41196099999,E1978",242
"Dubai,United Arab Emirates",02/04/2025,25,22,23.6,25,22,23.6,14.8,58.1,0,0,0,,0,0,45,29.5,269.5,1010.7,34.8,10,208,17.9,9,10,2023-04-02T06:09:43,2023-04-02T18:35:36,0.38,Cloudy,Partly cloudy throughout the day.,partly-cloudy-day,"OMSJ,41194099999,41194599999,OMDW,OMDB,41196099999,E1978",190
"Dubai,United Arab Emirates",02/05/2025,31,21,25.3,29.2,21,25.2,16.6,61.8,0,0,0,,0,0,31.3,25.9,270.8,1009.2,8.5,9.3,272.5,23.8,10,10,2023-04-01T06:10:45,2023-04-01T18:35:09,0.34,Clear,Clear conditions throughout the day.,clear-day,"OMSJ,41194099999,41194599999,OMDW,OMDB,41196099999,E1978",215
"Dubai,United Arab Emirates",02/06/2025,28,20,24,28.5,20,24.1,17.3,67,0,0,0,,0,0,16.2,22.2,289.3,1008.7,23.7,9,418.4,36.2,10,10,2023-03-31T06:11:47,2023-03-31T18:34:43,0.31,Cloudy,Partly cloudy throughout the day.,partly-cloudy-day,"OMSJ,41194099999,41194599999,OMDW,OMDB,41196099999,E1978",198
"Dubai,United Arab Emirates",02/07/2025,26.9,19.8,23.6,27.4,19.8,23.7,16.2,64,0,0,0,,0,0,23.4,20.5,248.2,1011.2,21.4,10,406.7,34.9,10,10,2023-03-30T06:12:50,2023-03-30T18:34:16,0.28,Cloudy,Partly cloudy throughout the day.,partly-cloudy-day,"OMSJ,41194099999,41194599999,OMDW,OMDB,41196099999,E1978",225
"Dubai,United Arab Emirates",02/08/2025,26.9,23,24.8,27.4,23,24.9,15.3,55.9,0,0,0,,0,0,50.8,26.1,272.4,1011.5,17.2,10,346.3,29.8,10,10,2023-03-29T06:13:52,2023-03-29T18:33:50,0.25,Clear,Clear conditions throughout the day.,clear-day,"OMSJ,41194099999,41194599999,OMDW,OMDB,41196099999,E1978",250
"Dubai,United Arab Emirates",02/09/2025,29,23.9,26.1,28.5,23.9,26,15.5,53.2,0.8,100,20.83,rain,0,0,54.4,29.5,283.4,1010.1,9.2,9.4,244.6,21,10,10,2023-03-28T06:14:54,2023-03-28T18:33:24,0.21,Rain,Clear conditions throughout the day with rain clearing later.,rain,"OMSJ,41194099999,41194599999,OMDW,OMDB,41196099999,E1978",262
"Dubai,United Arab Emirates",02/10/2025,33,24.9,28.2,32.2,24.9,27.9,14.8,45.4,0.3,100,12.5,rain,0,0,45,24.2,87.1,1009.4,53.8,9.4,217.2,18.8,9,30,2023-03-27T06:15:57,2023-03-27T18:32:57,0.18,Rain,Partly cloudy throughout the day with late afternoon rain.,rain,"OMSJ,41194099999,41194599999,OMDW,OMDB,41196099999,E1978",242
"Dubai,United Arab Emirates",02/11/2025,32,20.8,25.9,31.8,20.8,25.8,15.7,56.4,0,0,0,,0,0,24.8,22.2,48.8,1010.5,16.1,9.5,321.6,27.9,10,10,2023-03-26T06:17:00,2023-03-26T18:32:31,0.15,Clear,Clear conditions throughout the day.,clear-day,"OMSJ,41194099999,41194599999,OMDW,OMDB,41196099999,E1978",191
"Dubai,United Arab Emirates",02/12/2025,26,19.8,23.3,26,19.8,23.3,15.7,63,0,0,0,,0,0,14,20.4,279.3,1011.5,15.5,9.9,267.5,22.9,10,10,2023-03-25T06:18:02,2023-03-25T18:32:04,0.12,Clear,Clear conditions throughout the day.,clear-day,"OMSJ,41194099999,41194599999,OMDW,OMDB,41196099999,E1978",207
"Dubai,United Arab Emirates",02/13/2025,26,18.9,22.9,26,18.9,22.9,14.7,60.4,0,0,0,,0,0,32.4,24.1,266.8,1011.7,30.5,10,333.7,28.8,10,10,2023-03-24T06:19:05,2023-03-24T18:31:38,0.08,Cloudy,Clearing in the afternoon.,partly-cloudy-day,"OMSJ,41194099999,41194599999,OMDW,OMDB,41196099999,E1978",231
"Dubai,United Arab Emirates",02/14/2025,25,22,23.5,25,22,23.5,10.9,45.5,0,0,0,,0,0,50,35.3,278.1,1011.1,31.1,10,332.7,28.8,10,10,2023-03-23T06:20:08,2023-03-23T18:31:11,0.05,Cloudy,Partly cloudy throughout the day.,partly-cloudy-day,"OMSJ,41194099999,41194599999,OMDW,OMDB,41196099999,E1978",242
"Dubai,United Arab Emirates",02/15/2025,26,22.9,24.2,26,22.9,24.2,12,48.3,0,0,0,,0,0,51.8,36.6,289.4,1008.4,5.7,10,292,25.2,10,30,2023-03-22T06:21:11,2023-03-22T18:30:44,0.02,Clear,Clear conditions throughout the day.,clear-day,"OMSJ,41194099999,41194599999,OMDW,OMDB,41196099999,E1978",286
"Dubai,United Arab Emirates",02/16/2025,30,22.8,26.5,29.4,22.8,26.2,12.5,42.9,0,0,0,,0,0,30.2,25.8,64.1,1003.9,31.9,10,280.8,24.1,9,60,2023-03-21T06:22:13,2023-03-21T18:30:17,0,Cloudy,Clearing in the afternoon.,partly-cloudy-day,"OMSJ,41194099999,41194599999,OMDW,OMDB,41196099999,E1978",322
"Dubai,United Arab Emirates",02/17/2025,30.9,19.9,25.7,29.3,19.9,25.2,11.5,45.1,0,0,0,,0,0,19.4,22.2,268.1,1006.4,5.4,10,219.2,18.9,9,5,2023-03-20T06:23:16,2023-03-20T18:29:50,0.95,Clear,Clear conditions throughout the day.,clear-day,"OMSJ,41194099999,41194599999,OMDW,OMDB,41196099999,E1978",268
"Dubai,United Arab Emirates",02/18/2025,29,18.9,23.4,28.2,18.9,23.4,15.2,61.3,0,0,0,,0,0,26.3,18.5,219,1009.3,54.4,10,416.1,35.9,9,10,2023-03-19T06:24:18,2023-03-19T18:29:23,0.92,Cloudy,Partly cloudy throughout the day.,partly-cloudy-day,"OMSJ,41194099999,41194599999,OMDW,OMDB,41196099999,E1978",213
"Dubai,United Arab Emirates",02/19/2025,26.9,19,23.1,27.4,19,23.1,16.4,67,0,0,0,,0,0,36.7,20.4,243.7,1010.4,21.5,10,424,36.5,10,10,2023-03-18T06:25:20,2023-03-18T18:28:56,0.88,Cloudy,Partly cloudy throughout the day.,partly-cloudy-day,"OMSJ,41194099999,41194599999,OMDW,OMDB,41196099999,E1978",264
"Dubai,United Arab Emirates",02/20/2025,28.9,23,25.5,28.5,23,25.5,16.8,59.8,0,0,0,,0,0,41.8,27.7,266.5,1010.6,0,10,423.8,36.6,9,8,2023-03-17T06:26:23,2023-03-17T18:28:28,0.85,Clear,Clear conditions throughout the day.,clear-day,"OMSJ,41194099999,41194599999,OMDW,OMDB,41196099999,E1978",276
"Dubai,United Arab Emirates",02/21/2025,32,22.8,27.2,29.9,22.8,26.7,13.8,47.1,0,0,0,,0,0,25.9,27.6,294.1,1009.5,3.1,9.9,391.2,33.9,9,10,2023-03-16T06:27:24,2023-03-16T18:28:01,0.81,Clear,Clear conditions throughout the day.,clear-day,"OMSJ,41194099999,41194599999,OMDW,OMDB,41196099999,E1978",246
"Dubai,United Arab Emirates",02/22/2025,31.9,22.8,26.9,30.8,22.8,26.7,15.6,52.4,0,0,0,,0,0,14,20.5,341.2,1010,27.4,9.8,428.3,36.9,9,10,2023-03-15T06:28:26,2023-03-15T18:27:33,0.75,Cloudy,Partly cloudy throughout the day.,partly-cloudy-day,"OMSJ,41194099999,41194599999,OMDW,OMDB,41196099999,E1978",257
"Dubai,United Arab Emirates",02/23/2025,31,23.9,26.6,30.3,23.9,26.6,16.7,55.8,0,0,0,,0,0,38.9,23.7,344.8,1011.9,38.3,10,280.2,24.2,9,30,2023-03-14T06:29:27,2023-03-14T18:27:05,0.74,Cloudy,Clearing in the afternoon.,partly-cloudy-day,"OMSJ,41194099999,41194599999,OMDW,OMDB,41196099999,E1978",235
"Dubai,United Arab Emirates",02/24/2025,34,24.8,28.4,32.2,24.8,27.7,11.1,37.3,0,0,0,,0,0,37.1,40.4,288.5,1011.7,77.1,9.9,184.9,15.9,6,30,2023-03-13T06:30:29,2023-03-13T18:26:36,0.7,Cloudy,Partly cloudy throughout the day.,partly-cloudy-day,"OMSJ,41194099999,41194599999,OMDW,OMDB,41196099999,E1978",263
"Dubai,United Arab Emirates",02/25/2025,34.9,22.8,29,33.4,22.8,28.3,12.9,39.7,0,0,0,,0,0,22.3,22.1,37.8,1013,19.6,9.9,294,25.4,9,10,2023-03-12T06:31:29,2023-03-12T18:26:08,0.67,Clear,Clear conditions throughout the day.,clear-day,"OMSJ,41194099999,41194599999,OMDW,OMDB,41196099999,E1978",241
"Dubai,United Arab Emirates",02/26/2025,31.9,23.8,28.6,30.5,23.8,27.7,9.5,30.6,0,0,0,,0,0,18,18.4,338.1,1013.4,20.1,10,379.6,32.6,10,10,2023-03-11T06:32:30,2023-03-11T18:25:39,0.63,Cloudy,Partly cloudy throughout the day.,partly-cloudy-day,"OMSJ,41194099999,41194599999,OMDW,OMDB,41196099999,E1978",267
"Dubai,United Arab Emirates",02/27/2025,32.9,25,28.6,30.7,25,27.7,8.8,29.7,0,0,0,,0,0,36.7,22.3,100.6,1013.2,77.1,9.9,373.4,32.3,8,10,2023-03-10T06:33:30,2023-03-10T18:25:10,0.6,Cloudy,Partly cloudy throughout the day.,partly-cloudy-day,"OMSJ,41194099999,41194599999,OMDW,OMDB,41196099999,E1978",257
"Dubai,United Arab Emirates",02/28/2025,34.9,22.8,28.4,32.6,22.8,27.6,9.3,31.2,0,0,0,,0,0,27.4,20.5,52.5,1013.4,42.1,9.9,412.7,35.5,10,10,2023-03-09T06:34:30,2023-03-09T18:24:41,0.56,Cloudy,Partly cloudy throughout the day.,partly-cloudy-day,"OMSJ,41194099999,41194599999,OMDW,OMDB,41196099999,E1978",246
